INSERT INTO Banco VALUES (001, 'Banco do Brasil S.A.');
INSERT INTO Banco VALUES (121, 'Banco Agibank S.A.');
INSERT INTO Banco VALUES (237, 'Banco Bradesco S.A.');
INSERT INTO Banco VALUES (748, 'Banco Cooperativo Sicredi S.A.');
INSERT INTO Banco VALUES (041, 'Banco do Estado do Rio Grande do Sul S.A.');
INSERT INTO Banco VALUES (077, 'Banco Inter S.A.');
INSERT INTO Banco VALUES (341, 'Banco Itaú Unibanco S.A.');
INSERT INTO Banco VALUES (637, 'Banco Sofisa S.A.');
INSERT INTO Banco VALUES (033, 'Banco Santander (Brasil) S.A.');

INSERT INTO Empresa VALUES(DEFAULT, 'AMAZON');
INSERT INTO Empresa VALUES(DEFAULT, 'AMBEV');
INSERT INTO Empresa VALUES(DEFAULT, 'AVON');
INSERT INTO Empresa VALUES(DEFAULT, 'BURGER KING');
INSERT INTO Empresa VALUES(DEFAULT, 'LOJAS AMERICANAS');
INSERT INTO Empresa VALUES(DEFAULT, 'LOJAS HERING');
INSERT INTO Empresa VALUES(DEFAULT, 'LOJAS RENNER');
INSERT INTO Empresa VALUES(DEFAULT, 'MAGAZINE LUIZA');
INSERT INTO Empresa VALUES(DEFAULT, 'CPFL ENERGIA');
INSERT INTO Empresa VALUES(DEFAULT, 'EMBRAER');
INSERT INTO Empresa VALUES(DEFAULT, 'FORD MOTORS');
INSERT INTO Empresa VALUES(DEFAULT, 'VALE');

INSERT INTO Acao VALUES(DEFAULT, 'AMZO34', 'AMAZON DRN', 3249.14, 1);
INSERT INTO Acao VALUES(DEFAULT, 'ABEV3', 'AMBEV S/A ON', 16.92, 2);
INSERT INTO Acao VALUES(DEFAULT, 'AVON34', 'AVON DRN', 4.09, 3);
INSERT INTO Acao VALUES(DEFAULT, 'BKBR3', 'BK BRASIL ON NM', 18.96, 4);
INSERT INTO Acao VALUES(DEFAULT, 'LAME4', 'LOJAS AMERICPN N1', 19.71, 5);
INSERT INTO Acao VALUES(DEFAULT, 'LHER3', 'LOJAS HERINGON', 16.24, 6);
INSERT INTO Acao VALUES(DEFAULT, 'LREN3', 'LOJAS RENNERON NM', 39.10, 7);
INSERT INTO Acao VALUES(DEFAULT, 'MGLU3', 'MAGAZ LUIZA ON NM', 164.63, 8);
INSERT INTO Acao VALUES(DEFAULT, 'CPFE3', 'CPFL ENERGIAON NM', 26.90, 9);
INSERT INTO Acao VALUES(DEFAULT, 'EMBR3', 'EMBRAER ON NM', 21.80, 10);
INSERT INTO Acao VALUES(DEFAULT, 'FDMO34', 'FORD MOTORS DRN', 36.08, 11);
INSERT INTO Acao VALUES(DEFAULT, 'VALE3', 'VALE ON NM', 52.80, 12);

INSERT INTO Titulo VALUES(DEFAULT, 'Tesouro IPCA+ 2024', 'PosFixado', 48.40, 2420.47, 4.80, 'IPCA', '15/08/2024');
INSERT INTO Titulo VALUES(DEFAULT, 'Tesouro IPCA+ 2035', 'PosFixado', 42.00, 1400.07, 5.09, 'IPCA', '15/05/2035');
INSERT INTO Titulo VALUES(DEFAULT, 'Tesouro IPCA+ 2045', 'PosFixado', 34.13, 853.36, 5.09, 'IPCA', '15/05/2045');
INSERT INTO Titulo VALUES(DEFAULT, 'Tesouro IPCA+ com Juros Semestrais 2026', 'PosFixado', 34.56, 3456.90, 4.78, 'IPCA', '15/08/2026');
INSERT INTO Titulo VALUES(DEFAULT, 'Tesouro IPCA+ com Juros Semestrais 2035', 'PosFixado', 35.18, 3518.49, 5.00, 'IPCA', '15/05/2035');
INSERT INTO Titulo VALUES(DEFAULT, 'Tesouro IPCA+ com Juros Semestrais 2050', 'PosFixado', 36.91, 3691.52, 5.04, 'IPCA', '15/08/2050');
INSERT INTO Titulo VALUES(DEFAULT, 'Tesouro Prefixado 2021', 'PreFixado', 34.14, 853.59, 7.91, NULL, '01/01/2021');			   
INSERT INTO Titulo VALUES(DEFAULT, 'Tesouro Prefixado 2025', 'PreFixado', 34.47, 574.66, 9.56, NULL, '01/01/2025');
INSERT INTO Titulo VALUES(DEFAULT, 'Tesouro Prefixado com Juros Semestrais 2029', 'PreFixado', 31.52, 1050.72, 9.87, NULL, '01/01/2029');
INSERT INTO Titulo VALUES(DEFAULT, 'Tesouro Selic 2023', 'PosFixado',98.30, 9830.22, 0.01, 'SELIC', '01/03/2023');
										   
INSERT INTO Pessoa VALUES('12345678945', 'Gustavo Carmo', 'd9281j');
INSERT INTO Pessoa VALUES('82918237212', 'Juliana Lotte', 'd92id');
INSERT INTO Pessoa VALUES('12481632689', 'Fabio Sakuma', '82jd80');
INSERT INTO Pessoa VALUES('83719273912', 'Camila Coelho', 'duwah91');
INSERT INTO Pessoa VALUES('32989201954', 'Joao da Silva', 'doawdj');
INSERT INTO Pessoa VALUES('32919039227', 'Giulia Rezende', '9dwak2');
INSERT INTO Pessoa VALUES('84920394883', 'Victor Almeida', 'kmd092udj');
INSERT INTO Pessoa VALUES('83910918324', 'Rogerio Romanini', 'd039j2di');
INSERT INTO Pessoa VALUES('84932029383', 'Vitoria Alcantara', 'd832hd8j');
INSERT INTO Pessoa VALUES('35627391025', 'Rafaela Vidal', 'oid3jd3');
INSERT INTO Pessoa VALUES('09876543210', 'Felipe de Oliveira', 'd9281j');
INSERT INTO Pessoa VALUES('82918237211', 'Giuliana Latte', 'd92id');
INSERT INTO Pessoa VALUES('12481632622', 'Fabricio Saruma', '82jd80');
INSERT INTO Pessoa VALUES('83719273933', 'Carmen Lebre', 'duwah91');
INSERT INTO Pessoa VALUES('32989201944', 'Joao de Oliveira Netto', 'doawdj');
INSERT INTO Pessoa VALUES('32919039255', 'Julia Morando', '9dwak2');
INSERT INTO Pessoa VALUES('84920394866', 'Victoria Alameda', 'kmd092udj');
INSERT INTO Pessoa VALUES('83910918377', 'Rodrigo Roma', 'd039j2di');
INSERT INTO Pessoa VALUES('84932029388', 'Vitor Alcatra', 'd832hd8j');
INSERT INTO Pessoa VALUES('35627391099', 'Rafael Videira', 'oid3jd3');
INSERT INTO Pessoa VALUES('09876543211', 'Pedro Carma', 'd9281j');
INSERT INTO Pessoa VALUES('82918237212', 'Luciana Leite', 'd92id');
INSERT INTO Pessoa VALUES('12481632623', 'Francine Takuma', '82jd80');
INSERT INTO Pessoa VALUES('83719273934', 'Joel Silveira', 'duwah91');
INSERT INTO Pessoa VALUES('32989201945', 'Jose da Silva', 'doawdj');
INSERT INTO Pessoa VALUES('32919039256', 'Giuliana Hopperdizel', '9dwak2');
INSERT INTO Pessoa VALUES('84920394867', 'Vitor Alkin', 'kmd092udj');
INSERT INTO Pessoa VALUES('83910918378', 'Rogerio Italia', 'd039j2di');
INSERT INTO Pessoa VALUES('84932029389', 'Victoria de Mattos', 'd832hd8j');
INSERT INTO Pessoa VALUES('35627391090', 'Rafael Vido', 'oid3jd3');
INSERT INTO Pessoa VALUES('35627391096', 'Rita Rigo', 'oid3jd3');

INSERT INTO Funcionario VALUES(DEFAULT, '12345678945', 1250.57, 2);
INSERT INTO Funcionario VALUES(DEFAULT, '82918237212', 1250.57, 2);
INSERT INTO Funcionario VALUES(DEFAULT, '12481632689', 1950.62, 3);
INSERT INTO Funcionario VALUES(DEFAULT, '09876543210', 1350.57, 1);
INSERT INTO Funcionario VALUES(DEFAULT, '82918237211', 1450.57, 2);
INSERT INTO Funcionario VALUES(DEFAULT, '12481632622', 1950.62, 3);
INSERT INTO Funcionario VALUES(DEFAULT, '83719273933', 1050.57, 2);
INSERT INTO Funcionario VALUES(DEFAULT, '32989201944', 1550.62, 3);
INSERT INTO Funcionario VALUES(DEFAULT, '32919039255', 1850.57, 1);
INSERT INTO Funcionario VALUES(DEFAULT, '84920394866', 1450.57, 2);
INSERT INTO Funcionario VALUES(DEFAULT, '83910918377', 1350.62, 3);

INSERT INTO Cliente VALUES(DEFAULT, '83719273912', 'agressivo');
INSERT INTO Cliente VALUES(DEFAULT, '32989201954', 'conservador');
INSERT INTO Cliente VALUES(DEFAULT, '32919039227', 'conservador');
INSERT INTO Cliente VALUES(DEFAULT, '84920394883', 'moderado');
INSERT INTO Cliente VALUES(DEFAULT, '84932029388', 'agressivo');
INSERT INTO Cliente VALUES(DEFAULT, '35627391099', 'conservador');
INSERT INTO Cliente VALUES(DEFAULT, '09876543211', 'conservador');
INSERT INTO Cliente VALUES(DEFAULT, '82918237212', 'moderado');
INSERT INTO Cliente VALUES(DEFAULT, '12481632623', 'agressivo');
INSERT INTO Cliente VALUES(DEFAULT, '83719273934', 'conservador');

INSERT INTO Trader VALUES(DEFAULT, '83910918324', DEFAULT);
INSERT INTO Trader VALUES(DEFAULT, '84932029383', DEFAULT);
INSERT INTO Trader VALUES(DEFAULT, '35627391025', DEFAULT);
INSERT INTO Trader VALUES(DEFAULT, '32989201945', DEFAULT);
INSERT INTO Trader VALUES(DEFAULT, '32919039256', DEFAULT);
INSERT INTO Trader VALUES(DEFAULT, '84920394867', DEFAULT);
INSERT INTO Trader VALUES(DEFAULT, '83910918378', DEFAULT);
INSERT INTO Trader VALUES(DEFAULT, '84932029389', DEFAULT);
INSERT INTO Trader VALUES(DEFAULT, '35627391090', DEFAULT);
INSERT INTO Trader VALUES(DEFAULT, '35627391096', DEFAULT);

INSERT INTO Conta_Vinculada VALUES('4319570923', 892, 1, 1);
INSERT INTO Conta_Vinculada VALUES('356300', 335, 41, 2);
INSERT INTO Conta_Vinculada VALUES('431923', 009, 637, 3);
INSERT INTO Conta_Vinculada VALUES('4910234', 001, 33, 4);
INSERT INTO Conta_Vinculada VALUES('673019', 001, 637, 3);
INSERT INTO Conta_Vinculada VALUES('24029', 021, 121, 5);
INSERT INTO Conta_Vinculada VALUES('34576326', 021, 637, 6);
INSERT INTO Conta_Vinculada VALUES('8479231', 107, 41, 7);
INSERT INTO Conta_Vinculada VALUES('23455', 720, 748, 8);
INSERT INTO Conta_Vinculada VALUES('48599283223', 941, 1, 9);
INSERT INTO Conta_Vinculada VALUES('3510673202', 823, 41, 10);

INSERT INTO Atendimento VALUES(DEFAULT, 'Nao consigo adicionar uma conta', 3, DEFAULT, DEFAULT);
INSERT INTO Atendimento VALUES(DEFAULT, 'Por que nao consigo comprar acoes?', 4, DEFAULT, DEFAULT);
INSERT INTO Atendimento VALUES(DEFAULT, 'Existe alguma ferramenta analitica disponivel nesse aplicativo?', 1, DEFAULT, DEFAULT);
INSERT INTO Atendimento VALUES(DEFAULT, 'Nao consigo contatar um trader', 5, DEFAULT, DEFAULT);
INSERT INTO Atendimento VALUES(DEFAULT, 'Por que nao consigo comprar titulos?', 4, DEFAULT, DEFAULT);
INSERT INTO Atendimento VALUES(DEFAULT, 'Como faço para contatar um trader?', 8, DEFAULT, DEFAULT);
INSERT INTO Atendimento VALUES(DEFAULT, 'Nao consigo vender minhas acoes', 3, DEFAULT, DEFAULT);
INSERT INTO Atendimento VALUES(DEFAULT, 'Por que nao consigo comprar acoes no domingo?', 2, DEFAULT, DEFAULT);
INSERT INTO Atendimento VALUES(DEFAULT, 'Existe alguma forma de lucrar mais?', 1, DEFAULT, DEFAULT);
INSERT INTO Atendimento VALUES(DEFAULT, 'Meu trader foi extremamente grosso', 7, DEFAULT, DEFAULT);

INSERT INTO RL_Chat VALUES(DEFAULT, 1, 1, DEFAULT);
INSERT INTO RL_Chat VALUES(DEFAULT, 1, 2, DEFAULT);
INSERT INTO RL_Chat VALUES(DEFAULT, 1, 3, DEFAULT);
INSERT INTO RL_Chat VALUES(DEFAULT, 1, 4, DEFAULT);
INSERT INTO RL_Chat VALUES(DEFAULT, 2, 5, DEFAULT);
INSERT INTO RL_Chat VALUES(DEFAULT, 2, 6, DEFAULT);
INSERT INTO RL_Chat VALUES(DEFAULT, 2, 8, DEFAULT);
INSERT INTO RL_Chat VALUES(DEFAULT, 4, 6, DEFAULT);
INSERT INTO RL_Chat VALUES(DEFAULT, 4, 7, DEFAULT);
INSERT INTO RL_Chat VALUES(DEFAULT, 4, 9, DEFAULT);

INSERT INTO Historico_Mensagens VALUES(DEFAULT, 1, 'funcionario', DEFAULT, 'Ola, Giulia. Por favor, precisamos de mais detalhes.');
INSERT INTO Historico_Mensagens VALUES(DEFAULT, 1, 'funcionario', DEFAULT, 'Ola, Giulia. Caso haja uma mensagem de erro, voce poderia me informar o que ela diz? Caso contrario, gostaria de me contar um pouco mais sobre o que houve? Atenciosamente, Fabio.');
INSERT INTO Historico_Mensagens VALUES(DEFAULT, 1, 'cliente', DEFAULT, 'Boa noite, Fabio. Tentei adicionar minha conta ligada ao banco HSBC mas recebi uma mensagem de erro dizendo que devia ser inserido um codigo valido.');
INSERT INTO Historico_Mensagens VALUES(DEFAULT, 2, 'funcionario', DEFAULT, 'Ola, Giulia. Isso aconteceu pois o banco HSBC nao e vinculado com a corretora MT. Voce pode chegar a lista de bancos cadastrados na pagina inicial de nosso site. Att., Fabio.');
INSERT INTO Historico_Mensagens VALUES(DEFAULT, 3, 'funcionario', DEFAULT, 'Ola, Giulia. Espero que seu problema tenha sido resolvido. Caso contrario, existe algo que possamos fazer por voce?');
INSERT INTO Historico_Mensagens VALUES(DEFAULT, 4, 'funcionario', DEFAULT, 'Ola, Giulia. Vou encerrar esse atendimento.');
INSERT INTO Historico_Mensagens VALUES(DEFAULT, 5, 'funcionario', DEFAULT, 'Ola. Em que posso ajudar?');
INSERT INTO Historico_Mensagens VALUES(DEFAULT, 6, 'funcionario', DEFAULT, 'Estamos encerrando esse atendimento por falta de resposta.');
INSERT INTO Historico_Mensagens VALUES(DEFAULT, 6, 'cliente', DEFAULT, 'Ola, estou com serios problemas na plataforma.');
INSERT INTO Historico_Mensagens VALUES(DEFAULT, 8, 'cliente', DEFAULT, 'Boa noite. Tentei de tudo e nada da certo.');

INSERT INTO Ordem_Acao VALUES(DEFAULT, 1, 2, DEFAULT, 'swing trade', 200, 16.80, DEFAULT, TRUE, TRUE);
INSERT INTO Ordem_Acao VALUES(DEFAULT, 1, 2, DEFAULT, 'swing trade', 200, 17.94, DEFAULT, TRUE, FALSE);
INSERT INTO Ordem_Acao VALUES(DEFAULT, 1, 6, DEFAULT, 'swing trade', 300, 16.56, DEFAULT, TRUE, TRUE);
INSERT INTO Ordem_Acao VALUES(DEFAULT, 2, 7, DEFAULT, 'swing trade', 100, 40.24, DEFAULT, TRUE, TRUE);
INSERT INTO Ordem_Acao VALUES(DEFAULT, 6, 7, DEFAULT, 'swing trade', 200, 40.18, DEFAULT, TRUE, TRUE);
INSERT INTO Ordem_Acao VALUES(DEFAULT, 6, 7, DEFAULT, 'swing trade', 200, 41.18, DEFAULT, TRUE, FALSE);
INSERT INTO Ordem_Acao VALUES(DEFAULT, 9, 3, DEFAULT, 'day trade', 200, 3.87, DEFAULT, TRUE);
INSERT INTO Ordem_Acao VALUES(DEFAULT, 9, 3, DEFAULT, 'day trade', 200, 4.09, DEFAULT, FALSE);
INSERT INTO Ordem_Acao VALUES(DEFAULT, 1, 2, DEFAULT, 'swing trade', 200, 17.80, DEFAULT, TRUE, TRUE);
INSERT INTO Ordem_Acao VALUES(DEFAULT, 2, 5, DEFAULT, 'swing trade', 500, 20.72, DEFAULT, TRUE, TRUE);
INSERT INTO Ordem_Acao VALUES(DEFAULT, 2, 4, DEFAULT, 'swing trade', 500, 19.93, DEFAULT, TRUE, FALSE);
INSERT INTO Ordem_Acao VALUES(DEFAULT, 3, 3, DEFAULT, 'day trade', 600, 3.65, DEFAULT, TRUE, TRUE);
INSERT INTO Ordem_Acao VALUES(DEFAULT, 3, 3, DEFAULT, 'day trade', 600, 3.75, DEFAULT, TRUE, FALSE);

INSERT INTO Ordem_Titulo VALUES(DEFAULT, 4, 8, 9.05, 10, 560, DEFAULT, TRUE, TRUE);
INSERT INTO Ordem_Titulo VALUES(DEFAULT, 3, 8, 10, 8, 652, DEFAULT, TRUE, TRUE);
INSERT INTO Ordem_Titulo VALUES(DEFAULT, 9, 9, 8, 5, 923, DEFAULT, TRUE, TRUE);
INSERT INTO Ordem_Titulo VALUES(DEFAULT, 10, 9, 9.75, 3, 952, DEFAULT, TRUE, TRUE);
INSERT INTO Ordem_Titulo VALUES(DEFAULT, 9, 7, 10.10, 4, 634, DEFAULT, TRUE, TRUE);
INSERT INTO Ordem_Titulo VALUES(DEFAULT, 10, 7, 9.45, 2, 934, DEFAULT, TRUE, TRUE);
INSERT INTO Ordem_Titulo VALUES(DEFAULT, 3, 1, 0.9, 5, 793, DEFAULT, TRUE, TRUE);
INSERT INTO Ordem_Titulo VALUES(DEFAULT, 7, 4, 1.5, 50, 843, DEFAULT, TRUE, TRUE);
INSERT INTO Ordem_Titulo VALUES(DEFAULT, 3, 3, 0.5, 10, 816, DEFAULT, TRUE, TRUE);
INSERT INTO Ordem_Titulo VALUES(DEFAULT, 6, 2, 0.6, 1, 876, DEFAULT, TRUE, TRUE);
INSERT INTO Ordem_Titulo VALUES(DEFAULT, 4, 8, 8.05, 10, 789, DEFAULT, TRUE, FALSE);
INSERT INTO Ordem_Titulo VALUES(DEFAULT, 9, 9, 9, 5, 1000, DEFAULT, TRUE, FALSE);
INSERT INTO Ordem_Titulo VALUES(DEFAULT, 9, 7, 8.9, 4, 734, DEFAULT, TRUE, FALSE);
INSERT INTO Ordem_Titulo VALUES(DEFAULT, 3, 1, 1.5, 5, 800, DEFAULT, TRUE, FALSE);

INSERT INTO Transacao VALUES(DEFAULT, 100, 16.8, DEFAULT, 1);
INSERT INTO Transacao VALUES(DEFAULT, 100, 16.8, DEFAULT, 1);
INSERT INTO Transacao VALUES(DEFAULT, 200, 17.94, DEFAULT, 2);
INSERT INTO Transacao VALUES(DEFAULT, 200, 16.56, DEFAULT, 3);
INSERT INTO Transacao VALUES(DEFAULT, 100, 16.56, DEFAULT, 3);
INSERT INTO Transacao VALUES(DEFAULT, 100, 40.24, DEFAULT, 4);
INSERT INTO Transacao VALUES(DEFAULT, 200, 40.18, DEFAULT, 5);
INSERT INTO Transacao VALUES(DEFAULT, 100, 41.18, DEFAULT, 6);
INSERT INTO Transacao VALUES(DEFAULT, 100, 41.18, DEFAULT, 6);
INSERT INTO Transacao VALUES(DEFAULT, 200, 3.87, DEFAULT, 7);
INSERT INTO Transacao VALUES(DEFAULT, 100, 4.09, DEFAULT, 8);
INSERT INTO Transacao VALUES(DEFAULT, 100, 4.09, DEFAULT, 8);
INSERT INTO Transacao VALUES(DEFAULT, 200, 17.8, DEFAULT, 9);
INSERT INTO Transacao VALUES(DEFAULT, 200, 20.72, DEFAULT, 10);
INSERT INTO Transacao VALUES(DEFAULT, 100, 20.72, DEFAULT, 10);
INSERT INTO Transacao VALUES(DEFAULT, 200, 20.72, DEFAULT, 10);
INSERT INTO Transacao VALUES(DEFAULT, 100, 19.93, DEFAULT, 11);
INSERT INTO Transacao VALUES(DEFAULT, 100, 19.93, DEFAULT, 11);
INSERT INTO Transacao VALUES(DEFAULT, 200, 19.93, DEFAULT, 11);
INSERT INTO Transacao VALUES(DEFAULT, 100, 19.93, DEFAULT, 11);
INSERT INTO Transacao VALUES(DEFAULT, 200, 3.65, DEFAULT, 12);
INSERT INTO Transacao VALUES(DEFAULT, 400, 3.65, DEFAULT, 12);
INSERT INTO Transacao VALUES(DEFAULT, 100, 3.75, DEFAULT, 13);
INSERT INTO Transacao VALUES(DEFAULT, 100, 3.75, DEFAULT, 13);
INSERT INTO Transacao VALUES(DEFAULT, 100, 3.75, DEFAULT, 13);
INSERT INTO Transacao VALUES(DEFAULT, 200, 3.75, DEFAULT, 13);
INSERT INTO Transacao VALUES(DEFAULT, 100, 3.75, DEFAULT, 13);

INSERT INTO Bonus VALUES(DEFAULT, 10000, 2018, 1, 10);
INSERT INTO Bonus VALUES(DEFAULT, 100000, 2018, 1, 20);
INSERT INTO Bonus VALUES(DEFAULT, 150000, 2018, 1, 30);
INSERT INTO Bonus VALUES(DEFAULT, 1500000, 2018, 1, 50);
INSERT INTO Bonus VALUES(DEFAULT, 1000, 2018, 2, 10);
INSERT INTO Bonus VALUES(DEFAULT, 10000, 2018, 2, 20);
INSERT INTO Bonus VALUES(DEFAULT, 15000, 2018, 2, 30);
INSERT INTO Bonus VALUES(DEFAULT, 150000, 2018, 2, 50);
INSERT INTO Bonus VALUES(DEFAULT, 1000, 2018, 3, 10);
INSERT INTO Bonus VALUES(DEFAULT, 10000, 2018, 3, 20);
INSERT INTO Bonus VALUES(DEFAULT, 15000, 2018, 3, 30);
INSERT INTO Bonus VALUES(DEFAULT, 150000, 2018, 3, 50);
INSERT INTO Bonus VALUES(DEFAULT, 15000, 2018, 4, 20);
INSERT INTO Bonus VALUES(DEFAULT, 15000, 2018, 5, 20);
INSERT INTO Bonus VALUES(DEFAULT, 150000, 2018, 6, 20);
INSERT INTO Bonus VALUES(DEFAULT, 15000, 2018, 7, 20);
INSERT INTO Bonus VALUES(DEFAULT, 10000, 2018, 8, 20);
INSERT INTO Bonus VALUES(DEFAULT, 15000, 2018, 9, 20);
INSERT INTO Bonus VALUES(DEFAULT, 100000, 2018, 10, 20);
INSERT INTO Bonus VALUES(DEFAULT, 100000, 2018, 11, 20);
INSERT INTO Bonus VALUES(DEFAULT, 10000000, 2018, 12, 40);

INSERT INTO RL_TraderBonus VALUES(1, 1);
INSERT INTO RL_TraderBonus VALUES(1, 2);
INSERT INTO RL_TraderBonus VALUES(2, 3);
INSERT INTO RL_TraderBonus VALUES(2, 4);
INSERT INTO RL_TraderBonus VALUES(2, 5);
INSERT INTO RL_TraderBonus VALUES(2, 6);
INSERT INTO RL_TraderBonus VALUES(4, 5);
INSERT INTO RL_TraderBonus VALUES(5, 4);
INSERT INTO RL_TraderBonus VALUES(5, 7);
INSERT INTO RL_TraderBonus VALUES(9, 8);
INSERT INTO RL_TraderBonus VALUES(10, 1);
INSERT INTO RL_TraderBonus VALUES(11, 4);
INSERT INTO RL_TraderBonus VALUES(11, 5);

INSERT INTO RL_TraderCliente VALUES(1, 1);
INSERT INTO RL_TraderCliente VALUES(9, 2);
INSERT INTO RL_TraderCliente VALUES(2, 3);
INSERT INTO RL_TraderCliente VALUES(8, 4);
INSERT INTO RL_TraderCliente VALUES(2, 5);
INSERT INTO RL_TraderCliente VALUES(2, 6);
INSERT INTO RL_TraderCliente VALUES(4, 5);
INSERT INTO RL_TraderCliente VALUES(5, 4);
INSERT INTO RL_TraderCliente VALUES(5, 7);
INSERT INTO RL_TraderCliente VALUES(9, 8);
INSERT INTO RL_TraderCliente VALUES(10, 1);
INSERT INTO RL_TraderCliente VALUES(11, 4);
INSERT INTO RL_TraderCliente VALUES(11, 5);
INSERT INTO RL_TraderCliente VALUES(1, 10);
INSERT INTO RL_TraderCliente VALUES(1, 9);
INSERT INTO RL_TraderCliente VALUES(2, 8);
INSERT INTO RL_TraderCliente VALUES(2, 7);











